epoch,mem_total_kb,mem_available_kb,swap_total_kb,swap_used_kb,si,so
1790373248,32376840,29020560,32376828,2742248,26063355,70368544
1790373250,32376840,28577452,32376828,2742232,26063356,70368544
1790373252,32376840,28515824,32376828,2742232,26063356,70368544
1790373254,32376840,28065808,32376828,2742104,26063388,70368544
1790373256,32376840,27599636,32376828,2742096,26063390,70368544
1790373258,32376840,27031100,32376828,2742092,26063391,70368544
1790373260,32376840,26566248,32376828,2742092,26063391,70368544
1790373262,32376840,17623296,32376828,2742196,26063411,70368589
1790373264,32376840,5123568,32376828,2796952,26063480,70382204
1790373266,32376840,5692736,32376828,2809252,26064277,70386070
1790373268,32376840,6212572,32376828,3487080,26064443,70556043
1790373270,32376840,6723672,32376828,4200972,26064548,70733419
1790373272,32376840,7357816,32376828,5057520,26065011,70952423
1790373275,32376840,7678652,32376828,5531744,26065564,71065615
1790373277,32376840,7846408,32376828,5761188,26066001,71123213
1790373279,32376840,7886600,32376828,5776872,26066548,71127671
1790373281,32376840,7873236,32376828,5779264,26067077,71128757
1790373283,32376840,7633724,32376828,5643780,26102684,71129903
1790373285,32376840,7363988,32376828,5298120,26188641,71130998
1790373287,32376840,6380416,32376828,5290812,26191094,71131623
1790373289,32376840,4319972,32376828,5274100,26195283,71131637
1790373291,32376840,3991832,32376828,5295628,26196677,71138371
1790373293,32376840,5823468,32376828,4318600,26242682,71138371
1790373295,32376840,14243544,32376828,4149332,26285693,71138371
1790373297,32376840,13954148,32376828,3519864,26443093,71138371
